Time,User,Tweet
2022-04-25 12:17:47+00:00,NDRFHQ,cssr op stori const build collaps satya niketan new delhi ndrfghaziabad rescu live victim unconsci state debri cut fallen wall op continu hmoindia bhallaajay atulkarw pibhomeaffair
2022-04-14 03:12:30+00:00,NDRFHQ,honbl pm sh narendramodi virtual interact personnel involv ropeway rescu oper deoghar hail heroic effort coordin stakehold watch telecast committedserv
2022-04-13 18:04:03+00:00,NDRFHQ,committedserv aapdasevaalwayssarvatra
2022-04-11 07:57:45+00:00,NDRFHQ,rescu oper underway ropeway trikut devghar jh multi agenc coordin rescu person trolli op continu disasterservicealwayseverywher hmoindia bhallaajay ranchipib pibhomeaffair ndrfp
2022-04-10 04:30:55+00:00,NDRFHQ,whenev date written struggl written result braveri solemn valourday ceremoni crpfindia sh ajay kumar bhalla home secretari present gallantri medal sh atulkarw dg ndrf counter terror op srinagar
2022-04-09 17:57:27+00:00,NDRFHQ,humbl tribut brave crpf personnel made suprem sacrific battl sardar post gujarat pakistani brigad attack crpf valourday
2022-04-08 14:05:51+00:00,NDRFHQ,confer capac build disast respons discuss held humanitarian relief capac build sdrfcdhg fs role major stake holder emerg role ngos dm initi best practic sdrfs ani pibindia pibhomeaffair
2022-04-08 14:01:41+00:00,NDRFHQ,confer capac build disast respons conclud dr p k mishra princip secretari honbl pm grace valedictori session chief guest share view strengthen capac build pibhomeaffair ani
2022-04-08 04:11:22+00:00,NDRFHQ,annual confer capac build disast respons day apr
2022-04-07 15:52:36+00:00,NDRFHQ,confer capac build disast respons honbl home affair cooper minist sh amitshah presid inaugur session applaud ndrfs achiev stress need stakehold reach upto panchayat level pibhomeaffair ani
2022-04-07 08:58:58+00:00,NDRFHQ,annual confer capac build disast respons
2022-04-07 04:09:27+00:00,NDRFHQ,annual confer capac build disast respons
2022-04-06 15:37:59+00:00,NDRFHQ,confer capac build disast respons inaugur honbl home affair cooper minist sh amitshah th april confer annual organis ndrfhq synergi stakehold pibindia pibhomeaffair ani
2022-03-24 13:09:20+00:00,NDRFHQ,dg ndrf sh atulkarw rank convey warm greet best wish personnel assamrifl th raisingday savinglivesandbeyond officialdgar bnndrf
2022-03-19 16:27:15+00:00,NDRFHQ,bepreparedbesaf cycloneasani staysaf ndrfu
2022-03-19 12:46:15+00:00,NDRFHQ,savinglivesandbeyond
2022-03-19 09:01:44+00:00,NDRFHQ,dg ndrf sh atulkarw rank ndrf extend greet best wish personnel famili crpfindia occas rd crpfday jaihind serviceandloyalti disasterservicealwayssarvatra
2022-03-18 15:18:30+00:00,NDRFHQ,disasterservicealwayseverywher bepreparedbesaf cycloneasani andamanadmin atulkarw ndrf
2022-03-16 14:51:52+00:00,NDRFHQ,disast servic alway everywher
2022-03-10 12:59:46+00:00,NDRFHQ,dg ndrf sh atulkarw rank ndrf extend best wish personnel famili cisf occas rd cisf rais day cisfhqr raisingday protectionandsafeti aapdasevaalwayssarvatra
2022-03-08 14:32:45+00:00,NDRFHQ,construct worker trap basement construct build rescu safe ndrfghaziabad defenc coloni south delhi everylifematt hmoindia bhallaajay atulkarw pibhomeaffair pibindia
2022-03-08 07:32:47+00:00,NDRFHQ,internationalwomensday ndrf celebr contribut ndrf women polic disast manag dg ndrf atulkarw rank extend heartiest congratul best wish incred women world enhanc particip everi walk life
2022-03-04 02:20:27+00:00,NDRFHQ,dg ndrf atulkarw meet rescuer hv award dg disc commend roll commit dedic dilig life save cssr rescueop last hrs chintel paradis gurugram feb motiv recognit pibhomeaffair ndrfghaziabad
2022-03-02 14:22:00+00:00,NDRFHQ,dg ndrf rank pay homag braveheart constabl avtar singh negi succumb injuri unfortun accid may depart soul rest peac thndrf
2022-03-02 07:40:48+00:00,NDRFHQ,disasterservicealwayseverywher savinglivesandbeyond
2022-03-01 13:45:25+00:00,NDRFHQ,disasterservicealwayseverywher everylifematt bepreparedbesaf
2022-02-28 05:44:56+00:00,NDRFHQ,talent win game teamwork intellig win championship winner thunder sport teamspirit savinglivesandbeyond atulkarw bnndrf pibhomeaffair
2022-02-26 06:41:16+00:00,NDRFHQ,prepared coordin excel disastermanag drr savinglivesandbeyond
2022-02-25 14:09:06+00:00,NDRFHQ,bloodi red gold time save life ndrf particip mega voluntari blood donat camp communiti centr aiimsnewdelhi ndrf personnel donat blood savinglivesandbeyond azaadikaraktdanmahotsav blooddon pibhomeaffair ani
2022-02-25 14:07:36+00:00,NDRFHQ,borewellrescueop joint sdrf civil defens polic ndrfvadodara safe rescu yr old ravindra dantaramgadh sikar raj everylivematt hmoindia bhallaajay tatulkarw pibhomeaffair pibjaipur ani
2022-02-25 09:39:45+00:00,NDRFHQ,disasterservicealwayseverywher everylivematt
2022-02-25 09:38:23+00:00,NDRFHQ,aapdasevaalwayssarvatra
2022-02-24 10:19:10+00:00,NDRFHQ,ndrfatoc annual train oper confer commenc today ndrf kolkata dg ndrf along senior offici sit togeth introspect brainstorm session prepared coordin excel hmoindia bhallaajay atulkarw pibindia
2022-02-22 03:22:10+00:00,NDRFHQ,disasterservicealwayseverywher everylivematt hmoindia lla bhallaajay atulkarw pibhomeaffair ipibindia ani
2022-04-30 14:35:00+00:00,ndmaindia,know peopl live citi protect heatstrok hot air
2022-04-30 14:03:00+00:00,ndmaindia,prepar infant heatwav avoidheatwav follow dont
2022-04-30 13:35:00+00:00,ndmaindia,heatwav protect tip senior citizen
2022-04-30 13:04:00+00:00,ndmaindia,ndmaindia issu public notic regard file claim compens case death occur due covid kamalkishorein pibindia kamalkishorein mohfwindia
2022-04-30 12:36:00+00:00,ndmaindia,public notic regard order honbl suprem court date regard last date file claim compens case death due covid pibhomeaffair pibhindi kamalkishorin
2022-04-30 12:04:00+00:00,ndmaindia,heatwav avoid harsh sun heat stroke take care avoid physic strenuous work afternoon
2022-04-30 11:35:00+00:00,ndmaindia,heatwav heat heat danger everyon pleas help other
2022-04-30 11:05:00+00:00,ndmaindia,give anim plenti water drink heatwav take follow precaut beattheheat
2022-04-30 10:33:00+00:00,ndmaindia,heatwav watch video know peopl resid hilli region protect heat wave
2022-04-30 10:06:00+00:00,ndmaindia,care old heatwav use tip
2022-04-30 09:32:00+00:00,ndmaindia,outdoor worker dont stay safe hot summer heat
2022-04-30 09:05:00+00:00,ndmaindia,heatwav know protect anim heat stroke
2022-04-30 08:35:00+00:00,ndmaindia,heatwav cover head use cloth hat umbrella
2022-04-30 08:04:00+00:00,ndmaindia,heatwav go barefoot
2022-04-30 07:35:00+00:00,ndmaindia,heatwav avoid strenuous activ outsid temperatur high afternoon
2022-04-30 07:05:00+00:00,ndmaindia,heatwav know els affect heat wavehot air
2022-04-30 06:32:00+00:00,ndmaindia,heatwav nt ventur heat unnecessarili case need follow dont
2022-04-30 06:04:00+00:00,ndmaindia,heatwav keep home cool tri stay low floor
2022-04-30 05:34:00+00:00,ndmaindia,tip protect children heatstrok
2022-04-30 05:04:00+00:00,ndmaindia,public notic regard order honbl suprem court date regard last date file claim compens case death due covid pibhomeaffair pibhindi kamalkishorin
2022-04-30 04:35:00+00:00,ndmaindia,ndmaindia issu public notic regard file claim compens case death occur due covid kamalkishorein pibindia kamalkishorein mohfwindia
2022-04-30 04:05:00+00:00,ndmaindia,learn way reduc effect heatstrok
2022-04-30 03:35:00+00:00,ndmaindia,heatwav heat wave make sure drink suffici water
2022-04-30 03:05:00+00:00,ndmaindia,heatwav know avoid heat wave
2022-04-30 03:01:17+00:00,ndmaindia,april weather warn sourc indiametdept duststorm isol place like punjab haryana chandigarh delhi uttarpradesh east rajasthan
2022-04-30 03:01:16+00:00,ndmaindia,april weather warn sourc indiametdept isol place jammu east uttarpradesh east rajasthan chhattisgarh bihar western part ganget westbeng gujarat state north madhya maharashtra telangana interior odisha
2022-04-30 03:01:15+00:00,ndmaindia,april weather warn sourc indiametdept heat wave condit part like punjab haryana chandigarh delhi west uttarpradesh west rajasthan madhyapradesh vidarbha jharkhand
2022-04-30 03:01:15+00:00,ndmaindia,april weather warn sourc indiametdept heavi rainfal isol place like assam meghalaya kerala mahe
2022-04-30 03:01:14+00:00,ndmaindia,april weather warn sourc ndindiametdept himachalpradesh arunachalpradesh andaman nicobar island rayalaseema karnataka tamilnadu south chhattisgarh ganget westbeng
2022-04-30 03:01:13+00:00,ndmaindia,april weather warn sourc indiametdept lightninggusti wind speed kmph isol place bihar telangana kerala mahe lightn isol place jammu kashmir ladakh gilgit baltistan muzaffarabad
2022-04-30 03:01:12+00:00,ndmaindia,april weather warn sourc indiametdept lightninggusti wind speed kmph isol place subhimalayan westbeng sikkim assam meghalaya nagaland manipur mizoram tripura
2022-04-30 03:01:11+00:00,ndmaindia,april weather warn sourc indiametdept thunderstorm accompani lightninggusti wind hail speed kmph isol place like uttarakhand
2022-04-30 02:36:47+00:00,ndmaindia,heatwav know sign symptom heatstrok
2022-04-29 18:02:00+00:00,ndmaindia,heatwav avoid cook peak hour open door window ventil cook area adequ
2022-04-29 17:34:00+00:00,ndmaindia,heatwav take follow precaut staysaf heat wave
2022-04-29 17:05:00+00:00,ndmaindia,heatwav watch video know peopl resid hilli region protect heat wave
2022-04-29 16:34:00+00:00,ndmaindia,heatwav know avoid heat wave
2022-04-29 16:03:00+00:00,ndmaindia,heatwav know keep home cool summer
2022-04-29 12:20:24+00:00,ndmaindia,meet aim deliber discuss progress event activ mechan bric minist disast manag propos outcom initi event activ bric urban search rescu simul exercis
2022-04-29 12:20:23+00:00,ndmaindia,senior offici ndmaindia particip th meet joint task forc disastermanag along jtf repres bric countri
2022-04-29 11:35:00+00:00,ndmaindia,dont take care old weak person rise heat
2022-04-29 11:03:00+00:00,ndmaindia,heatwav know avoid heat wave
2022-04-29 10:33:00+00:00,ndmaindia,heatwav heat wave danger everyon tri help need heat wave
2022-04-29 10:02:00+00:00,ndmaindia,care coronavirus stay safe follow covid compliant behavior cleanli medicin strict win battl corona indiafightscorona unitefightcorona sourc mohfwindia
2022-04-29 09:35:00+00:00,ndmaindia,earthquak step follow indoor outdoor ensur safeti earthquak
2022-04-29 09:02:00+00:00,ndmaindia,panic earthquak know earthquak
2022-04-29 08:35:00+00:00,ndmaindia,earthquak safeti tip hang heavi hang pictur mirror away bed sofa sette seat area
2022-04-29 08:15:00+00:00,ndmaindia,public notic regard order honbl suprem court date regard last date file claim compens case death due covid pibhomeaffair pibhindi kamalkishorin
2022-04-29 08:05:00+00:00,ndmaindia,dont follow earthquak watch video know
2022-04-29 07:52:00+00:00,ndmaindia,ndmaindia issu public notic regard file claim compens case death occur due covid kamalkishorein pibindia kamalkishorein mohfwindia
2022-04-29 07:35:00+00:00,ndmaindia,covid wear mask part solut unitefightcorona wearamask covidappropriatebehaviour
2022-04-29 07:04:00+00:00,ndmaindia,keep babi safe extrem heat heat
2022-04-29 06:33:00+00:00,ndmaindia,heatwav avoid strenuous activ outsid temperatur high afternoon
2022-04-29 06:04:00+00:00,ndmaindia,heatwav know avoid heat wave
2022-04-29 05:34:00+00:00,ndmaindia,heatwav leav children pet park vehicl may get affect heat wave
2022-04-29 05:02:00+00:00,ndmaindia,heatwav heat wave fatal make sure follow dont
2022-04-29 04:35:00+00:00,ndmaindia,heatwav know protect anim heat stroke
2022-04-29 04:16:00+00:00,ndmaindia,public notic regard order honbl suprem court date regard last date file claim compens case death due covid pibhomeaffair pibhindi kamalkishorin
2022-04-29 04:07:05+00:00,ndmaindia,april weather warn sourc ndindiametdept delhi uttarpradesh rajasthan east madhyapradesh chhattisgarh bihar jharkhand western part ganget westbeng telangana interior odisha
2022-04-29 04:07:04+00:00,ndmaindia,april weather warn sourc indiametdept heat wave condit part like west madhyapradesh vidarbha isol place jammu punjab haryana chandigarh
2022-04-29 04:07:04+00:00,ndmaindia,april weather warn sourc indiametdept heavi rainfal isol place like arunachalpradesh assam meghalaya
2022-04-29 04:07:03+00:00,ndmaindia,april weather warn sourc indiametdept lightn isol place arunachalpradesh jammu kashmir ladakh gilgit baltistan muzaffarabad himachalpradesh uttarakhand subhimalayan westbeng sikkim south chhattisgarh kerala mahe
2022-04-29 04:07:03+00:00,ndmaindia,april weather warn sourc indiametdept thunderstorm accompani lightninggusti wind speed kmph isol place assam meghalaya nagaland manipur mizoram tripura telangana
2022-04-29 04:03:00+00:00,ndmaindia,covid pay attent take care safe get vaccin wear mask follow corona rule cleanli medicin strict win fight corona unitefightcorona wevaccin
2022-04-29 03:45:00+00:00,ndmaindia,ndmaindia issu public notic regard file claim compens case death occur due covid pibhomeaffair pibindia kamalkishorein mohfwindia
2022-04-29 03:33:00+00:00,ndmaindia,firesafeti fire safeti prepar note possibl escap aid
2022-04-29 03:03:00+00:00,ndmaindia,firesafeti smoke alarm import part home fire escap plan equip home smoke alarm help provid earli warn event fire home
2022-04-29 02:33:00+00:00,ndmaindia,firesafeti fire safeti prepar
2022-04-29 02:00:01+00:00,ndmaindia,essenti item emerg kit besmartbeprepar staysaf
2022-04-29 01:35:00+00:00,ndmaindia,thunderstorm know stay safe thunderstorm dust storm high wind
2022-04-29 01:03:00+00:00,ndmaindia,dont relat thunderstorm duststorm squall
2022-04-29 00:34:00+00:00,ndmaindia,respons follow key covid appropri habit help break chain coronavirus infect unitefightcorona indiafightscorona
2022-04-29 00:04:00+00:00,ndmaindia,lightn foot dont staysaf thunderstorm lightn nt take shelter tree
2022-04-28 23:34:00+00:00,ndmaindia,lightn staysaf travel thunderstorm lightn forest
2022-04-28 23:01:00+00:00,ndmaindia,lightn know stay safe electr
2022-04-28 22:33:00+00:00,ndmaindia,lightn hair stand back neck could indic lightn immin
2022-04-28 22:03:00+00:00,ndmaindia,lightn know dont staysaf lightn strike
2022-04-28 21:35:00+00:00,ndmaindia,lightn keep away util line lightn
2022-04-28 21:05:00+00:00,ndmaindia,smart safe care even get vaccin time follow covid compliant behavior unitefightcorona wevaccin covidappropriatebehaviour sourc mohfwindia
2022-04-28 20:34:00+00:00,ndmaindia,landslid rememb landslid
2022-04-28 20:03:00+00:00,ndmaindia,landslid touch walk loos materi electr wire pole
2022-04-28 19:35:00+00:00,ndmaindia,landslid landslid move away landslid path
2022-04-28 19:01:00+00:00,ndmaindia,landslid landslid avoid construct stay vulner area
2022-04-28 18:34:00+00:00,ndmaindia,landslid landslid
2022-04-28 18:03:00+00:00,ndmaindia,landslid complet inform stay safe landslid nt wait prepar today
2022-04-28 17:35:00+00:00,ndmaindia,landslid learn avoid landslid video sign languag video hearingimpair
2022-04-28 17:03:00+00:00,ndmaindia,landslid dont ensur safeti landslid
2022-04-28 16:34:00+00:00,ndmaindia,smart stay safe follow covid compliant behavior time cleanli medicin strict win battl corona indiafightscorona unitefightcorona sourc mohfwindia
2022-04-28 16:05:00+00:00,ndmaindia,heatwav know avoid heat wave
2022-04-28 15:35:00+00:00,ndmaindia,heatwav heat wave danger take follow precaut staysaf heat wave
2022-04-28 14:35:00+00:00,ndmaindia,ndmaindia issu public notic regard file claim compens case death occur due covid pibhomeaffair pibindia kamalkishorein mohfwindia
2022-04-28 14:03:00+00:00,ndmaindia,earthquak protect earthquak drop cover hold techniqu
2022-04-28 13:33:00+00:00,ndmaindia,earthquak follow dont ensur safeti earthquak
2022-04-28 13:03:00+00:00,ndmaindia,earthquak earthquak resist hous help save live know
2022-04-28 12:36:00+00:00,ndmaindia,panic earthquak know earthquak
2022-04-28 12:02:00+00:00,ndmaindia,earthquak learn avoid earthquak
2022-04-28 11:41:08+00:00,ndmaindia,job alert advertis one post assist advisor inform technolog deput basi ndmaindia assist advisor inform technolog one deput detail
2022-04-28 11:35:00+00:00,ndmaindia,dispos mask correct rememb proper dispos use mask import wear one unitefightcorona indiafightscorona sourc mygovindia
2022-04-28 11:04:00+00:00,ndmaindia,essenti item emerg kit besmartbeprepar staysaf
2022-04-28 10:34:00+00:00,ndmaindia,dont evad ill drink boiledchlorin water chlorin water
2022-04-28 10:03:00+00:00,ndmaindia,ndmaindia issu public notic regard file claim compens case death occur due covid pibhomeaffair pibindia kamalkishorein mohfwindia
2022-04-28 09:35:00+00:00,ndmaindia,public notic regard order honbl suprem court date regard last date file claim compens case death due covid pibhomeaffair pibhindi kamalkishorin mohfwindia
2022-04-28 09:04:00+00:00,ndmaindia,covid follow covidappropriatebehaviour sms end coronavirus maintain safe distanc wear mask proper frequent washsanit hand soap unitefightcorona
2022-04-28 08:35:00+00:00,ndmaindia,homesafeti import possibl escap rout exit case emerg prepar includ emerg exitsescap plan home
2022-04-28 08:06:00+00:00,ndmaindia,homesafeti tip disast strike secur import document
2022-04-28 07:32:00+00:00,ndmaindia,awar prepar prepar emerg evacu plan well disast unforeseen event strike disasteremerg homesafeti
2022-04-28 07:04:00+00:00,ndmaindia,three golden rule help break chain corona alway wear mask wash hand thorough frequent soap water maintain meter distanc other unitefightcorona indiafightscorona
2022-04-28 06:33:00+00:00,ndmaindia,heatwav wear lightweight light colour loos cotton cloth
2022-04-28 06:03:00+00:00,ndmaindia,heatwav avoid highprotein food eat stale food
2022-04-28 05:34:00+00:00,ndmaindia,heatwav avoid cook peak hour open door window ventil cook area adequ
2022-04-28 05:04:00+00:00,ndmaindia,heatwav heat wave danger take follow precaut staysaf heat wave
2022-04-28 04:34:00+00:00,ndmaindia,heatwav use or oral rehydr solut homemad drink like lassi torani rice water lemon water buttermilk etc keep hydrat
2022-04-28 04:03:00+00:00,ndmaindia,heatwav avoid harsh sun heat stroke take care know avoid heat wave
2022-04-28 03:50:36+00:00,ndmaindia,april weather warn sourc ndindiametdept madhyapradesh vidarbha chhattisgarh bihar jharkhand interior ganget westbeng interior odisha northern part gujarat state
2022-04-28 03:50:35+00:00,ndmaindia,april weather warn sourc ndindiametdept mahe tamilnadu puducherri karaik heat wave condit isol pocket like punjab haryana chandigarh delhi uttarpradesh rajasthan
2022-04-28 03:50:34+00:00,ndmaindia,april weather warn sourc indiametdept lightn isol place jammu kashmir ladakh gilgit baltistan muzaffarabad himachalpradesh assam meghalaya south konkan goa madhya maharashtra south chhattisgarh karnataka kerala
2022-04-28 03:50:33+00:00,ndmaindia,april weather warn sourc indiametdept thunderstorm accompani lightninggusti wind speed kmph isol place like subhimalayan westbeng sikkim telangana
2022-04-28 03:35:00+00:00,ndmaindia,heatwav heat wave make sure drink suffici water
2022-04-28 03:04:00+00:00,ndmaindia,respons safe nt forget wear mask maintain gaj doori step home indiafightscorona unitefightcorona
2022-04-28 02:33:00+00:00,ndmaindia,public notic regard order honbl suprem court date regard last date file claim compens case death due covid pibhomeaffair pibhindi kamalkishorin
2022-04-28 02:04:00+00:00,ndmaindia,ndmaindia issu public notic regard file claim compens case death occur due covid pibhomeaffair pibindia kamalkishorein
2022-04-28 01:34:00+00:00,ndmaindia,firesafeti escap fire
2022-04-28 01:03:00+00:00,ndmaindia,firesafeti fire safeti prepar test alarm month
2022-04-28 00:36:00+00:00,ndmaindia,firesafeti consid escap ladder collaps rope one resid consist one level
2022-04-28 00:03:00+00:00,ndmaindia,covid wearamask save life other well wearamasksavealif unitefightcorona
2022-04-27 23:34:00+00:00,ndmaindia,disast prepar thunderstorm duststorm squall dont
2022-04-27 23:02:00+00:00,ndmaindia,disast prepar thunderstorm duststorm squall dont
2022-04-27 22:34:00+00:00,ndmaindia,prepar thunderstorm duststorm squall dont
2022-04-27 22:04:00+00:00,ndmaindia,thunderstorm know stay safe thunderstorm dust storm high wind
2022-04-27 21:34:00+00:00,ndmaindia,care coronavirus stay safe follow covid compliant behavior cleanli medicin strict win battl corona indiafightscorona unitefightcorona sourc mohfwindia
2022-04-27 21:03:00+00:00,ndmaindia,lightn outsid thunderstorm lightn avoid open structuresspac
2022-04-27 20:34:00+00:00,ndmaindia,lightn home work dont staysaf thunderstorm lightn updat local weather
2022-04-27 20:04:00+00:00,ndmaindia,lightn know stay safe electr
2022-04-27 19:34:00+00:00,ndmaindia,lightn home work dont staysaf thunderstorm lightn remov debri
2022-04-27 19:03:00+00:00,ndmaindia,lightn know dont staysaf lightn strike
2022-04-27 18:33:00+00:00,ndmaindia,lightn foot dont staysaf thunderstorm lightn go safe shelter immedi
2022-04-27 18:03:00+00:00,ndmaindia,lightn best avoid open vehicl thunderstorm lightn
2022-04-27 17:34:00+00:00,ndmaindia,stay safe infect covid follow covid compliant behavior time even get vaccin indiafightscorona unitefightcorona
2022-04-27 17:03:00+00:00,ndmaindia,need know staysaf landslid resid area vulner landslid
2022-04-27 16:35:00+00:00,ndmaindia,landslid learn landslid avoid
2022-04-27 15:33:00+00:00,ndmaindia,heatwav know get heat wave warn inform
2022-04-27 15:05:00+00:00,ndmaindia,heatwav take follow precaut staysaf heat wave
2022-04-27 14:45:00+00:00,ndmaindia,ndmaindia issu public notic regard file claim compens case death occur due covid pibhomeaffair pibindia kamalkishorein
2022-04-27 14:34:00+00:00,ndmaindia,heatwav know avoid heat wave
2022-04-27 14:03:00+00:00,ndmaindia,heatwav watch video know peopl resid hilli region protect heat wave
2022-04-27 13:33:00+00:00,ndmaindia,public notic regard order honbl suprem court date regard last date file claim compens case death due covid pibhomeaffair pibhindi kamalkishorin
2022-04-27 13:03:00+00:00,ndmaindia,rememb continu follow covid appropri behaviour covid vaccin indiafightscorona unitefightcorona
2022-04-27 12:35:00+00:00,ndmaindia,earthquak know staysaf outdoor earthquak
2022-04-27 12:03:00+00:00,ndmaindia,earthquak learn avoid earthquak
2022-04-27 11:35:00+00:00,ndmaindia,panic earthquak know earthquak
2022-04-27 11:02:00+00:00,ndmaindia,earthquak know staysaf indoor earthquak
2022-04-27 10:34:00+00:00,ndmaindia,earthquak follow dont ensur safeti earthquak
2022-04-27 09:55:47+00:00,ndmaindia,covid let unitefightcorona defeat coronavirus proper wear mask unitefightcorona wearamask
2022-04-27 09:35:45+00:00,ndmaindia,public notic regard order honbl suprem court date regard last date file claim compens case death due covid
2022-04-27 09:35:00+00:00,ndmaindia,firesafeti escap fire
2022-04-27 09:34:00+00:00,ndmaindia,smart stay safe follow covid compliant behavior time cleanli medicin strict win battl corona indiafightscorona unitefightcorona sourc mohfwindia
2022-04-27 09:05:00+00:00,ndmaindia,firesafeti fire safeti prepar note possibl escap aid
2022-04-27 08:34:00+00:00,ndmaindia,firesafeti fire safeti prepar
2022-04-27 08:24:24+00:00,ndmaindia,ndmaindia issu public notic regard file claim compens case death occur due covid
2022-04-27 07:05:00+00:00,ndmaindia,heatwav avoid harsh sun heat stroke take care avoid physic strenuous work afternoon
2022-04-27 06:33:00+00:00,ndmaindia,heatwav know protect anim heat stroke
2022-04-27 06:04:00+00:00,ndmaindia,heatwav know peopl live citi protect heat stroke
2022-04-27 05:32:00+00:00,ndmaindia,heatwav know stay healthi safe heatwav
2022-04-27 05:03:00+00:00,ndmaindia,tip protect children heatstrok
2022-04-27 04:34:00+00:00,ndmaindia,care old heatwav use tip
2022-04-27 04:04:41+00:00,ndmaindia,april weather warn sourc indiametdept heat wave condit part like vidarbha isol place uttarpradesh rajasthan madhyapradesh bihar jharkhand westbeng sikkim interior odisha gujarat state telangana
2022-04-27 04:04:41+00:00,ndmaindia,april weather warn sourc indiametdept heavi rainfal isol place like assam meghalaya arunachalpradesh
2022-04-27 04:04:40+00:00,ndmaindia,april weather warn sourc ndindiametdept lightn isol place arunachalpradesh konkan goa madhya maharashtra marathwada south chhattisgarh karnataka kerala mahe
2021-07-22 04:25:09+00:00,DisasterState,team nation disast respons forc ndrf dispatch chiplun relief rescu oper mahadgipr
2021-07-11 05:47:33+00:00,DisasterState,accord inform receiv cncsearthquak magnitud earthquak record sadhunagar area accord inform receiv concern author loss life properti report tremor felt area
2021-05-17 06:35:04+00:00,DisasterState,honbl deputi chief minist jitajitpawarspeak visit control room ministri took stock rain along strong wind state well hous tree fallen incid damag inform administr situat storm prone district
2021-05-16 06:27:56+00:00,DisasterState,weather bulletin
2021-03-23 02:46:15+00:00,DisasterState,chairmanship disast manag relief rehabilit minist jayvijaywadettiwar review work like underground power line salin dam etc coastal district worldbank assist nation cyclon risk reduct project instruct complet work within prescrib time
2021-02-23 05:51:46+00:00,DisasterState,congratul honbl minist vijaywadettiwarji omnavalihalkar outstand perform field emerg servic omkar ministri control room offic isdisasterst antmantralayaroom instrument mani emerg state
2021-02-18 11:29:01+00:00,DisasterState,
2021-02-18 11:28:43+00:00,DisasterState,
2021-02-18 11:28:28+00:00,DisasterState,
2021-02-13 07:49:01+00:00,DisasterState,rs crore distribut state govern peopl whose hous damag crop damag due cyclon cyclon hailstorm unseason rain natur cyclon ndmaindia disastermanag flood nisargcyclon fightagainstnaturaldisast samargatha
2020-12-30 07:47:37+00:00,DisasterState,eas restrict phasewis open lockdown mission begin date th decemb cmomaharashtra ndmaindia mantralayaroom
2020-12-11 03:01:49+00:00,DisasterState,light shower mumbai surround area night earli morn shower spars place light shower raigad thane palghar mantralayaroom antmantralayaroom
2020-10-14 07:46:59+00:00,DisasterState,pls note
2020-09-23 15:08:20+00:00,DisasterState,pleas note
2020-09-23 03:02:06+00:00,DisasterState,respons indian meteorolog depart warn torrenti rain bmc call closur offic establish etc except essenti servic citizen leav home necessari mumbairain
2020-08-29 13:17:50+00:00,DisasterState,moment ongo rescu oper kamathi nagpur behalf n ndrf disast servic alway work breath life young men save live thousand women old young everi day ndmaindia cmomaharashtra ndrfhq ndrf satyaprad mahadgipr
2020-08-24 13:54:01+00:00,DisasterState,team nation disast respons forc ndrf dispatch search rescu oper kajalpura tal mahad district raigad cmomaharashtra mahadgipr olcollectorraigad inforaigad raigadpolic
2020-08-11 03:59:29+00:00,DisasterState,discuss honbl prime minist honbl chief minist video conferenc
2020-08-07 14:24:22+00:00,DisasterState,tribut indian arm forc coronawarrior disasterst mantralayaroom dgpmaharashtra
2020-08-05 17:54:19+00:00,DisasterState,rainupd infodivkolhapur infokolhapurhattap tcocorsijmtarf
2020-08-05 17:52:40+00:00,DisasterState,rainupd infodivkolhapur infokolhapurhattap tcootubbkhfq
2020-08-05 17:47:20+00:00,DisasterState,honbl minist disast manag relief rehabilit vijaywadettiwar visit ministri control room
2020-08-05 09:25:01+00:00,DisasterState,intens develop seen west coast monsoon vigar north konkan mumbai thane raigad palghar ghat area maharashtra also recv extrem heavi rf next hrs mumbai alreadi record rf mm last hrs possibl flood citi suburb
2020-08-05 01:09:13+00:00,DisasterState,weatherforecast mantralayaroom mahadgipr
2020-08-04 04:52:34+00:00,DisasterState,scatter hvi hvi extrem hvi rainfal mumbai around last hrs red alert next hrs extrem hvi rain warn continu mumbai thane raigad palghar south konkan heavi rain warn hrs interior maharashtra also hvi rainfal warn
2020-08-04 04:46:49+00:00,DisasterState,tide inform mumbairain mumbaimonsoon mantralayaroom mahadgipr
2020-08-04 03:17:16+00:00,DisasterState,rainupd mantralayaroom mahadgipr
2020-08-04 03:14:28+00:00,DisasterState,mumbairainsl
2020-08-04 03:05:20+00:00,DisasterState,central railway updat kind note mantralayaroom mahadgipr
2020-07-29 13:39:06+00:00,DisasterState,threat covid aapdamitra volunt display exemplari humanitarian prevent action kolhapur district ndmaindia cmomaharashtra mantralayaroom mahadgipr infodivkolhapur infokolhapur
2020-07-25 03:47:11+00:00,DisasterState,rain updat
2020-07-25 03:31:59+00:00,DisasterState,subhash chandra bose aapda prabandhan puraskarn disast manag author govern india applic year would accept st juli st august link appli cmomaharashtra mahadgipr
2020-07-24 21:20:59+00:00,DisasterState,weather updat mahadgipr mantralayaroom
2020-07-16 07:06:05+00:00,DisasterState,disast servic alway
2020-07-14 04:27:26+00:00,DisasterState,weather updat
2020-07-13 03:16:57+00:00,DisasterState,weather updat
2020-07-05 13:25:59+00:00,DisasterState,rainupd
2020-07-04 21:22:58+00:00,DisasterState,mumbairainupd
2020-07-03 15:57:17+00:00,DisasterState,heavyrainfallalert take care mantralayaroom mahadgipr
2020-07-03 15:52:19+00:00,DisasterState,import mantralayaroom mahdgiparhatap tcolmusickeysak
2020-07-03 15:49:52+00:00,DisasterState,import mantralayaroom mahdgiparhattap tcoifahuzpt
2020-07-03 15:47:37+00:00,DisasterState,weather updat cmomaharashtra mantralayaroom mahadgipr
2020-06-02 14:32:02+00:00,DisasterState,citizen district take care cyclon heavi rain imdweath ndrf disasterst
2020-05-16 19:30:46+00:00,DisasterState,team work mantralayaroom disasterst import yyabhay sir along team mantralaya control room
2020-05-13 17:01:27+00:00,DisasterState,per list prepar district collector secretari depart disast manag relief rehabilit sanction financi assist chief minist assist fund fund use purpos distribut
2020-05-08 04:53:38+00:00,DisasterState,import division district emerg control room contact number entir state maharashtra follow inform regard inter state entrast movement pls call number ndmaindia cmomaharashtra mahadgipr mantralayaroom
2020-05-08 04:45:43+00:00,DisasterState,import follow contact number division district emerg control room entir state maharashtra number contact inform regard instat outofst travel cmomaharashtra mahadgipr antmantralayaroom yyabhay
2020-04-27 19:03:04+00:00,DisasterState,pleasur welcom cmomaharashtra mahadgipr antmantralayaroom theyareback
2020-04-25 07:39:43+00:00,DisasterState,home stayathom stayhomestaysaf waragainstcoronavirus antmantralayaroom mahamedd mahadgipr yyabhay mahahealthiec
